id,harm,group,catalog_key,surface,location,trigger,current_copy_en,user_risk,proposed_replacement_en,implementation_status,verification_result
"E001","1 Critical","G1 Changed elsewhere","rule.stale.account.saved","Options: Contact rule","src/options/rule-panel.ts:1633","A rule change is saved after the active account changed in another tab, before this tab heard of it.","The active account changed. The rule was not saved. Check the form and try again.","Says ""Check the form and try again"", but the form now shows the other account's rule. Trying again changes the wrong account's rule.","The active account changed, so the rule was not saved. Check the active account on the Accounts tab before you change the rule again.","done","VERIFIED. Test: options-rule-panel.test.ts 'refuses to save a form drawn for an account that is no longer active' asserts the exact text (PASS). Browser (Chromium, built bundle): ticked a box after a silent account switch; exact text shown (g1-rule-stale-saved.png). Scan: clean."
"E002","1 Critical","G1 Changed elsewhere","rule.stale.account.removed","Options: Contact rule","src/options/rule-panel.ts:1633","""Delete whole contact rule"" is confirmed after the active account changed in another tab.","The active account changed. The rule was not deleted. Check the form and try again.","Same misleading ""try again"": a second delete removes the other account's rule.","The active account changed, so the rule was not deleted. Check the active account on the Accounts tab before you delete a rule again.","done","VERIFIED. Test: options-rule-panel.test.ts 'refuses to remove the rule from a form drawn for another account' asserts the exact text (PASS). Browser: confirmed delete after a silent account switch; exact text shown (g1-rule-stale-removed.png). Scan: clean."
"E017","1 Critical","G2 Failure without a next step","data.actionFailed","Options: Your data","src/options/data-panel.ts:192 (DELETE_FAILED, used by #run at :1166)","A delete (one record, one data type, one account's data or everything) fails in storage.","That action could not be completed. The counts shown now are what is stored.","""That action"" is vague. A delete can stop part-way, and no next step is given.","JoyFox could not finish the delete. Some records may be deleted already: the counts shown now are what is still stored. Try again.","done","VERIFIED. Test: options-data-ux.test.ts 'says a failed delete may have stopped part-way, and what to do' asserts the exact text (PASS, new). Browser: confirmed delete of this account's data while storage refused writes; exact text shown (g2-data-delete-failed.png). Scan: clean."
"E003","2 High","G1 Changed elsewhere","templates.accountChanged","Options: Templates","src/options/template-panel.ts:493","A template save or delete starts after the active account changed in another tab.","The active account changed. Nothing was changed.","Does not say that the list now belongs to another account. The user can add the template again under the wrong account.","The active account changed, so nothing was changed. Check the active account on the Accounts tab before you try again.","done","VERIFIED. Test: options-data-panels.test.ts 'refuses to write after the active account changed' asserts the text (PASS). Browser: Add template after a silent account switch; exact text shown (g1-templates-account-changed.png). Scan: clean."
"E018","2 High","G2 Failure without a next step","accounts.saveFailed","Options: Accounts, Templates","src/options/account-panel.ts:574; src/options/template-panel.ts:503","Add, rename, remove or activate an account, or save or delete a template, fails in storage.","That change could not be saved. Nothing was changed.","No next step. Passive voice.","JoyFox could not save that change. Nothing was changed. Try again. If it keeps failing, reload the page. (common.saveFailed; key accounts.saveFailed removed)","done (key removed; panels show common.saveFailed)","VERIFIED. Test: options-account-panel.test.ts 'gives a next step when a change cannot be stored' asserts the exact text (PASS, new). Browser: Add account and Add template while storage refused writes; exact text shown in both panels (g2-account-save-failed.png, g2-template-save-failed.png). Scan: clean."
"E019","2 High","G2 Failure without a next step","rule.removeFailed","Options: Contact rule","src/options/rule-panel.ts:1553","""Delete whole contact rule"" fails in storage.","JoyFox could not delete the rule. Nothing was changed.","No next step.","JoyFox could not delete the rule. Nothing was changed. Try again. If it keeps failing, reload the page.","done","VERIFIED. Test: options-rule-panel.test.ts 'shows a failed delete under the button' asserts the exact text (PASS). Browser: confirmed rule delete while storage refused writes; exact text under the button (g2-rule-remove-failed.png). Scan: clean."
"E020","2 High","G2 Failure without a next step","data.import.incomplete","Options: Import","src/options/data-panel.ts:1066","The file passed the check, then the import failed without a specific reason.","The import could not be completed. The counts shown now are what is stored.","No next step.","JoyFox could not finish the import. Choose the file again to try again: records already stored are not added twice.","done","VERIFIED. Test: options-data-ux.test.ts 'gives a next step when a file cannot be checked or imported' asserts the exact text (PASS, new). Browser: valid export chosen while storage refused writes; exact text shown (g2-import-incomplete.png). Recovery checked: the same file again imported 1 record, a third time added nothing (g2-import-retry.png, g2-import-retry-again.png). Scan: clean."
"E021","2 High","G2 Failure without a next step","data.import.unreadable","Options: Import","src/options/data-panel.ts:1066","The chosen file cannot be read, or the check fails before any record is compared.","JoyFox could not read that file. Nothing was imported.","No next step.","JoyFox could not check that file. Nothing was imported. Choose the file again. If it still fails, reload the page, or export the file from JoyFox again.","done","VERIFIED. Test: options-data-ux.test.ts 'gives a next step when a file cannot be checked or imported' asserts the exact text (PASS, new). Browser: valid export chosen while storage refused reads; exact text shown (g2-import-unreadable.png). Scan: clean."
"E022","2 High","G2 Failure without a next step","picker.readFailed","JoyClub: template picker","src/content/template-picker.ts:165","""JoyFox templates"" is opened and the background does not answer.","JoyFox could not read your templates. Nothing was inserted.","No next step.","JoyFox could not load your templates. Nothing was inserted. Click ""JoyFox templates"" again to try again.","done","VERIFIED. Test: template-insertion.test.ts 'reports a failed read without touching the composer' asserts the exact text and that a second click reads again (PASS). Browser: JoyFox templates opened while the background did not answer; exact text shown (g2-picker-read-failed.png); a second click listed the templates (g2-picker-retry.png). Scan: clean."
"E023","2 High","G2 Failure without a next step","quick.noProfile","JoyClub: Ignore and Delete","src/content/quick-action.ts:753","""Ignore and Delete"" is clicked on a conversation whose header has no link to the member's profile.","JoyFox cannot find this member's profile address, where Ignore is, so it did nothing.","""Profile address"" is a technical term. The user gets no way forward.","JoyFox cannot find the link to this member's profile, where Ignore is, so it did nothing. You can do it yourself: move the conversation to the trash with JoyClub's trash button, then open the member's profile and ignore them there.","done","VERIFIED. Test: quick-action.test.ts 'starts nothing when the member's profile address is unknown' asserts the exact text and no clicks (PASS). Browser: split view with the ClubMail list, header link changed to a non-JoyClub address, Ignore and Delete clicked; exact text shown (g2-quick-no-profile.png). Scan: clean."
"E004","3 Medium","G1 Changed elsewhere","error.account.notRegistered","Options: Accounts","src/accounts/account-service.ts:151 via src/options/account-panel.ts:573","""Use this account"" is clicked for an account that another tab removed.","Cannot activate an account that is not registered","Technical words (""activate"", ""registered""). Does not say what happened.","That account is no longer in the list, for example because it was removed in another tab (the panel adds "". Nothing was changed."")","done","VERIFIED. Test: options-account-panel.test.ts 'says in plain words when the account to use was removed elsewhere' asserts the exact text (PASS, new). Browser: record removed before this tab heard of it, then Use this account; exact text shown (g1-account-not-registered.png). A real second tab redraws the list first, so the race is simulated. Scan: clean."
"E024","3 Medium","G2 Failure without a next step","data.import.completeSettingsFailed","Options: Import","src/options/data-panel.ts:1053","The records were imported, but the settings from the file could not be saved.","Import complete: {added} record(s) added, {replaced} replaced by a newer version. Some settings could not be saved; check the active account.","""check the active account"" is vague. The settings that failed are listed above the line.","Import complete: {added} record(s) added, {replaced} replaced by a newer version. Some settings could not be saved (listed above). Set them again yourself.","done","VERIFIED. Test: options-data-panels.test.ts 'does not call settings added when they could not be saved' asserts the text and that the list is above the line (PASS). Browser: import with the language setting missing while settings writes failed; exact text shown, with 'Settings that could not be saved: language.' above it (g2-import-settings-failed.png). Scan: clean."
"E040","3 Medium","G3 Internal names and technical words","error.code.StorageError","Options: Accounts, Templates, Your data, Import","src/i18n/translator.ts:239-258 (errorDisplay); src/options/account-panel.ts:571; src/options/template-panel.ts:500; src/options/data-panel.ts:1062,1166","An ExtensionError without its own display text reaches the Accounts, Templates, Your data or Import panel (in practice a StorageError when browser storage is not available).","JoyFox could not read or write its stored data","Generic, technical text with no next step, joined to a suffix such as "". Nothing was changed.""","Remove the per-code fallback. The panel shows its own failure text, which has a next step (common.saveFailed, data.actionFailed, data.exportFailed, data.retentionFailed, data.import.incomplete or data.import.unreadable).","done (key removed)","VERIFIED. Removed with the per-code fallback: errorDisplay now returns only an error's own display text, and the panel shows its own failure text. Test: options-data-ux.test.ts 'says a failed export exported nothing' now also throws a StorageError without display text and asserts the panel's export text (PASS). Browser: Export all while browser storage was unavailable for the export's read (a StorageError without display text); the page showed 'JoyFox could not create the export. Nothing was exported. Try again.' and no generic code text (g3-code-fallback-export.png). Scan: no error.code.* key left."
"E041","3 Medium","G3 Internal names and technical words","error.code.IdentityMismatch","Options: Accounts, Templates, Your data, Import","src/i18n/translator.ts:239-258 (errorDisplay); src/options/account-panel.ts:571; src/options/template-panel.ts:500; src/options/data-panel.ts:1062,1166","An ExtensionError without its own display text reaches the Accounts, Templates, Your data or Import panel (in practice a StorageError when browser storage is not available).","The account or member does not match","Generic, technical text with no next step, joined to a suffix such as "". Nothing was changed."" ""does not match"" is vague.","Remove the per-code fallback. The panel shows its own failure text, which has a next step (common.saveFailed, data.actionFailed, data.exportFailed, data.retentionFailed, data.import.incomplete or data.import.unreadable).","done (key removed)","VERIFIED. Removed with the per-code fallback: errorDisplay now returns only an error's own display text, and the panel shows its own failure text. Test: options-data-ux.test.ts 'says a failed export exported nothing' now also throws a StorageError without display text and asserts the panel's export text (PASS). Browser: Export all while browser storage was unavailable for the export's read (a StorageError without display text); the page showed 'JoyFox could not create the export. Nothing was exported. Try again.' and no generic code text (g3-code-fallback-export.png). Scan: no error.code.* key left."
"E042","3 Medium","G3 Internal names and technical words","error.code.SelectorUnavailable","Options: Accounts, Templates, Your data, Import","src/i18n/translator.ts:239-258 (errorDisplay); src/options/account-panel.ts:571; src/options/template-panel.ts:500; src/options/data-panel.ts:1062,1166","An ExtensionError without its own display text reaches the Accounts, Templates, Your data or Import panel (in practice a StorageError when browser storage is not available).","JoyFox cannot find the expected element on the page","Generic, technical text with no next step, joined to a suffix such as "". Nothing was changed."" ""expected element"" is an implementation detail.","Remove the per-code fallback. The panel shows its own failure text, which has a next step (common.saveFailed, data.actionFailed, data.exportFailed, data.retentionFailed, data.import.incomplete or data.import.unreadable).","done (key removed)","VERIFIED. Removed with the per-code fallback: errorDisplay now returns only an error's own display text, and the panel shows its own failure text. Test: options-data-ux.test.ts 'says a failed export exported nothing' now also throws a StorageError without display text and asserts the panel's export text (PASS). Browser: Export all while browser storage was unavailable for the export's read (a StorageError without display text); the page showed 'JoyFox could not create the export. Nothing was exported. Try again.' and no generic code text (g3-code-fallback-export.png). Scan: no error.code.* key left."
"E043","3 Medium","G3 Internal names and technical words","error.code.ExtractionInvalid","Options: Accounts, Templates, Your data, Import","src/i18n/translator.ts:239-258 (errorDisplay); src/options/account-panel.ts:571; src/options/template-panel.ts:500; src/options/data-panel.ts:1062,1166","An ExtensionError without its own display text reaches the Accounts, Templates, Your data or Import panel (in practice a StorageError when browser storage is not available).","The data is not valid","Generic, technical text with no next step, joined to a suffix such as "". Nothing was changed."" ""not valid"" is technical.","Remove the per-code fallback. The panel shows its own failure text, which has a next step (common.saveFailed, data.actionFailed, data.exportFailed, data.retentionFailed, data.import.incomplete or data.import.unreadable).","done (key removed)","VERIFIED. Removed with the per-code fallback: errorDisplay now returns only an error's own display text, and the panel shows its own failure text. Test: options-data-ux.test.ts 'says a failed export exported nothing' now also throws a StorageError without display text and asserts the panel's export text (PASS). Browser: Export all while browser storage was unavailable for the export's read (a StorageError without display text); the page showed 'JoyFox could not create the export. Nothing was exported. Try again.' and no generic code text (g3-code-fallback-export.png). Scan: no error.code.* key left."
"E048","3 Medium","G3 Internal names and technical words","error.import.unknownType","Options: Import","src/data/import.ts:499","The file has a data section that JoyFox does not know.","The file holds a type of data that JoyFox does not know ({name}). Choose a file exported by JoyFox","Shows an internal data-type name taken from the file.","The file holds a type of data that JoyFox does not know. Choose a file exported by JoyFox","done","VERIFIED. Test: data-import.test.ts 'shows each refusal in plain words' asserts the exact text for an unknown section (PASS). Browser: import of a file with a section 'secretsOfTheFile'; exact text shown, name absent (g3-import-unknown-type.png). Scan: no bracketed internal name left."
"E049","3 Medium","G3 Internal names and technical words","error.import.unknownField","Options: Import","src/data/import.ts:528,541","A record in the file has a field that JoyFox does not know.","Record {index} in {entity} holds a field that JoyFox does not know ({field}). Choose a file exported by JoyFox","Shows an internal field name.","Record {index} in {entity} holds a field that JoyFox does not know. Choose a file exported by JoyFox","done","VERIFIED. Test: data-import.test.ts asserts the exact text for a note with an extra 'html' field (PASS). Browser: import of a template with an extra 'htmlPayload' field; exact text shown, field name absent (g3-import-unknown-field.png). Scan: clean."
"E050","3 Medium","G3 Internal names and technical words","error.import.tooLong","Options: Import","src/data/import.ts:545","A text in a record is longer than JoyFox allows.","Record {index} in {entity} is too long: {field} has more than {maximum} characters. Choose a file exported by JoyFox","Shows an internal field name.","Record {index} in {entity} holds a text longer than {maximum} characters. Choose a file exported by JoyFox","done","VERIFIED. Test: data-import.test.ts asserts the exact text for a 4,001-character note (PASS, new). Browser: import of a 4,001-character note; exact text shown, no field name (g3-import-too-long.png). Scan: clean."
"E051","3 Medium","G3 Internal names and technical words","error.import.unknownSetting","Options: Import","src/data/import.ts:625","The file has a setting that JoyFox does not use.","The file holds a setting that JoyFox does not use ({key}). Choose a file exported by JoyFox","Shows an internal storage key (for example ""joyfox.x"").","The file holds a setting that JoyFox does not use. Choose a file exported by JoyFox","done","VERIFIED. Test: data-import.test.ts asserts the exact text for a setting 'internal.setting' (PASS, new). Browser: import of a file with 'internal.flag'; exact text shown, key absent (g3-import-unknown-setting.png). Scan: clean."
"E052","3 Medium","G3 Internal names and technical words","(translator fallback)","All JoyFox text","src/i18n/translator.ts:187-199","A stored or received text reference is damaged or comes from an unknown version (for example a damaged triage reason).","{the raw message key, for example triage.reason.foo, or ?}","Shows the raw internal key, for example ""triage.reason.foo"".","(This text cannot be shown.) (new key common.textUnavailable; the key stays in the console log)","done","BLOCKED (browser): not reachable from real data. Stored text references are never rendered through the translator in the current UI (the inspector shows stored fields as data), and computed ones are always valid. Test: i18n.test.ts 'shows a placeholder for an invalid value, logs its key once and never throws' asserts the English and German placeholder and that the key goes only to the console (PASS). Scan: fallback returns common.textUnavailable."
"E053","3 Medium","G3 Internal names and technical words","compat.sort.unavailable","JoyClub: member search","src/content/compatibility.ts:432","""Sort by shared preferences"" is on, but JoyClub's result list is not laid out as a flex or grid box.","JoyFox cannot sort this list: its layout does not allow it.","""its layout does not allow it"" is an implementation detail. Does not say that the order did not change.","JoyFox cannot sort the results as JoyClub shows them now. Their order has not changed.","done","VERIFIED. Test: compatibility.test.ts 'says so when JoyClub's list layout cannot be sorted' asserts the text (PASS). Browser: member search page with a block-laid-out result list and own preferences stored; sort clicked; exact text shown, order unchanged (g3-sort-unavailable.png). Scan: clean."
"E054","3 Medium","G3 Internal names and technical words","action.failure.control-missing","JoyClub: Ignore and Delete report","src/actions/ignore-delete.ts:231","JoyClub's Delete button or Ignore menu item is not on the page when the step runs.","JoyFox could not find JoyClub's {step} control.","""control"" is a technical word. (The German text says ""Menüpunkt"", which is wrong for Delete.)","JoyFox could not find JoyClub's {step} option on this page.","done","VERIFIED. Tests: ignore-delete.test.ts and quick-action.test.ts assert the new line for Delete and Ignore (PASS). Browser: split-view conversation without JoyClub's conversation menu; Ignore and Delete clicked; report line 'JoyFox could not find JoyClub's Delete option on this page.' followed by the do-it-yourself steps (g3-control-missing.png). Scan: clean."
"E057","3 Medium","G3 Internal names and technical words","(setting name fallback)","Options: Import","src/options/data-panel.ts:160-172 (settingNames) and :986-1000","A valid export file holds a joyfox.* setting that this version does not know (for example from a later release).","Settings in the file that are never imported (they switch features on): {feature names}, joyfox.fromLaterVersion.","Shows the internal storage key, under the wrong label ""never imported (they switch features on)"". Found reachable during this review: the import refuses only keys outside joyfox.*.","The file also holds settings that this version of JoyFox does not know. They were not imported. (new key data.import.settingsUnknown; the key is never shown)","done","VERIFIED. Tests: options-data-ux.test.ts '...never shows a stored key (U68)' (English and German) and options-data-panels.test.ts 'never shows the stored key of a setting JoyFox does not know' (PASS, new). Browser: import of a valid export plus 'joyfox.fromLaterVersion'; the new line shows and the result has no 'joyfox.' text (g3-import-settings-unknown.png). Scan: clean."
"E058","3 Medium","G4 Input JoyFox cannot take","error.account.emptyIdentifier","Options: Accounts","src/accounts/account-service.ts:54","""Add account"" with only spaces in the identifier field.","An account needs a non-empty identifier","""non-empty identifier"" is technical.","Enter your JoyClub account identifier first (the panel adds "". Nothing was changed."")","done","VERIFIED. Test: options-account-panel.test.ts 'asks for the identifier when only spaces were typed' asserts the exact text (PASS, new). Browser: Add account with only spaces; exact text shown (g4-empty-identifier.png). Scan: clean."
"E059","3 Medium","G4 Input JoyFox cannot take","error.account.duplicate","Options: Accounts","src/accounts/account-service.ts:79","""Add account"" with an identifier that is already in the list.","That account identifier is already registered","""registered"" is technical. No next step.","An account with this identifier is already in the list. Use that account, or enter another identifier (the panel adds "". Nothing was changed."")","done","VERIFIED. Test: options-account-panel.test.ts 'reports a rejected account without changing stored data' asserts the exact text (PASS). Browser: Add account with an identifier already in the list; exact text shown (g4-duplicate.png). Scan: clean."
"E060","3 Medium","G4 Input JoyFox cannot take","picker.result.not-editable","JoyClub: template picker","src/content/template-picker.ts:53","A template is inserted while JoyClub's message field is disabled, read-only or gone.","The message field cannot be edited right now. Nothing was inserted.","No next step.","The message field cannot be edited right now. Nothing was inserted. Wait until you can type in the message field, then try again.","done","VERIFIED. Test: template-insertion.test.ts 'gives focus to its own button when the composer cannot take it' asserts the exact text and that the insert works once the field is enabled (PASS). Browser: template chosen while JoyClub's message field was disabled; exact text shown (g4-picker-not-editable.png); after enabling the field the insert went in (g4-picker-retry.png). Scan: clean."
"E005","4 Low","G1 Changed elsewhere","error.account.gone","Options: Accounts, Your data, Templates","src/accounts/account-service.ts:105; src/data/data-service.ts:290; src/templates/template-service.ts:194","Rename, inspect or template write for an account that was removed meanwhile.","That account no longer exists","Plain. The panel draws the list again after the failure.","(keep)","no change needed",""
"E006","4 Low","G1 Changed elsewhere","error.account.changed","Options: Templates","src/templates/template-service.ts:200","The active account changes while a template write waits for its lock.","The active account changed","Plain. The storage change draws the panel again for the new account.","(keep)","no change needed",""
"E007","4 Low","G1 Changed elsewhere","error.template.deleted","Options: Templates","src/templates/template-service.ts:161","""Save changes"" on a template that was deleted in another tab or under ""Your data"".","That template was deleted meanwhile","Plain. The typed text stays in the form.","(keep)","no change needed",""
"E008","4 Low","G1 Changed elsewhere","error.data.changedDuringCheck","Options: Import","src/data/data-service.ts:215","Stored data changes between the import check and the write.","Stored data changed while the file was checked. Choose the file again","Plain, with a next step.","(keep)","no change needed",""
"E009","4 Low","G1 Changed elsewhere","rule.stale.rule.saved","Options: Contact rule","src/options/rule-panel.ts:1633","A rule change is saved after another tab saved the rule.","The rule was changed in another tab. It was not saved. The form now shows the saved rule.","Plain. The form shows the saved rule.","(keep)","no change needed",""
"E010","4 Low","G1 Changed elsewhere","rule.stale.rule.removed","Options: Contact rule","src/options/rule-panel.ts:1633","""Delete whole contact rule"" after another tab saved the rule.","The rule was changed in another tab. It was not deleted. The form now shows the saved rule.","Plain. The form shows the saved rule.","(keep)","no change needed",""
"E011","4 Low","G1 Changed elsewhere","rule.changedElsewhere","Options: Contact rule","src/options/rule-panel.ts:1647","Another options tab saves or deletes the rule.","The rule was changed in another tab. The form now shows the saved rule.","Plain. Informs; nothing was lost.","(keep)","no change needed",""
"E012","4 Low","G1 Changed elsewhere","notes.conflict","JoyClub: notes editor, card editor","src/content/member-notes.ts:480; src/content/card-note-editor.ts:372","The note changed in another tab or in the data inspector before this save.","This note changed in another tab or in the JoyFox data inspector, so JoyFox did not save your text. It is still in the box. Save again to replace the stored note, or discard your changes to see it.","Clear. Says the typed text stays and how to go on.","(keep)","no change needed",""
"E013","4 Low","G1 Changed elsewhere","notes.refused","JoyClub: notes editor, card editor","src/content/member-notes.ts:282,474,510,534; src/content/card-note-editor.ts:373,402,437","The active account changed before a note or tag write.","The active JoyFox account changed, so nothing was stored. Text typed for the previous account was dropped.","Clear. Says what was dropped.","(keep)","no change needed",""
"E014","4 Low","G1 Changed elsewhere","listing.conflict","JoyClub: event and venue box","src/content/listing-panel.ts:576","The event notes changed in another tab before this save.","These notes changed in another tab, so JoyFox did not save. The stored notes are shown now; your typed note is still in the box.","Clear. Says the typed note stays.","(keep)","no change needed",""
"E015","4 Low","G1 Changed elsewhere","listing.refused","JoyClub: event and venue box","src/content/listing-panel.ts:568","The active account changed before an event note write. The box loads again at once.","The active JoyFox account changed, so nothing was saved.","Clear.","(keep)","no change needed",""
"E016","4 Low","G1 Changed elsewhere","searches.refused","JoyClub: saved searches","src/content/saved-searches.ts:660,699","A save or delete is answered after the account changed. The bar loads again when the tab hears the switch.","The active JoyFox account changed, so nothing was changed.","Clear, and replaced within moments by the new account's list.","(keep)","no change needed",""
"E025","4 Low","G2 Failure without a next step","panel.ruleOff.other","JoyClub: member strip","src/content/member-panel.ts:438","The background answers ""ok"" but gives no result for this member.","JoyFox does not place this sender.","No reason and no next step. Not reachable with the current background, which answers for every member asked.","JoyFox cannot place this sender right now. Reload the page to try again.","done","BLOCKED (browser): not reachable with the real background, which answers for every member asked; producing it needs a faked answer. Test: triage-ui.test.ts 'says to reload when the answer holds no result for this member' asserts the exact text (PASS, new). Scan: clean."
"E026","4 Low","G2 Failure without a next step","common.saveFailed","JoyClub: all panels; Options: Messages","src/content/member-panel.ts:454; src/content/inbox-triage.ts:751; src/content/member-notes.ts:114; src/content/listing-panel.ts:560; src/content/saved-searches.ts:638,684; src/options/messages-panel.ts:324","A write to the background fails (placement, trust log, note, tag, event note, saved search, message delete).","JoyFox could not save that change. Nothing was changed. Try again. If it keeps failing, reload the page.","Clear, with a next step.","(keep)","no change needed",""
"E027","4 Low","G2 Failure without a next step","rule.saveFailed","Options: Contact rule","src/options/rule-panel.ts:1492","A rule save fails in storage.","JoyFox could not save the rule. Nothing was changed. Change the field again, or reload the page to see the saved rule.","Clear, with a next step.","(keep)","no change needed",""
"E028","4 Low","G2 Failure without a next step","events.exception.saveFailed","Options: Events","src/options/events-panel.ts:351","The shared-event exception switch cannot be saved; the box reverts.","JoyFox could not save this setting. Try again.","Clear, with a next step.","(keep)","no change needed",""
"E029","4 Low","G2 Failure without a next step","quickSetting.saveFailed","Options: Contact rule","src/options/quick-action-panel.ts:92","The Ignore and Delete switch cannot be saved; the box reverts.","JoyFox could not save this setting. Try again.","Clear, with a next step.","(keep)","no change needed",""
"E030","4 Low","G2 Failure without a next step","options.languageSaveFailed","Options: header","src/options/index.ts:136","The language choice cannot be saved; the picker reverts.","JoyFox could not save the language. Try again.","Clear, with a next step.","(keep)","no change needed",""
"E031","4 Low","G2 Failure without a next step","data.exportFailed","Options: Your data","src/options/data-panel.ts:196","Creating an export file fails.","JoyFox could not create the export. Nothing was exported. Try again.","Clear, with a next step.","(keep)","no change needed",""
"E032","4 Low","G2 Failure without a next step","data.retentionFailed","Options: Your data","src/options/data-panel.ts:200","Saving the snapshot limit fails.","JoyFox could not save the setting. The field shows the number in use now. Try again.","Clear, with a next step.","(keep)","no change needed",""
"E033","4 Low","G2 Failure without a next step","data.import.settingsNotSaved","Options: Import","src/options/data-panel.ts:1008","Settings from the file could not be saved; lists them by name.","Settings that could not be saved: {keys}.","Clear.","(keep)","no change needed",""
"E034","4 Low","G2 Failure without a next step","searches.runFailed","JoyClub: saved searches","src/content/saved-searches.ts:362","JoyClub's filter button or ""Anwenden"" does not show while a saved search runs.","JoyFox could not run the saved search. Open JoyClub's filter and click ""Anwenden"".","Clear, with a next step.","(keep)","no change needed",""
"E035","4 Low","G2 Failure without a next step","error.withSuffix.nothingChanged","Options: Accounts, Templates","src/options/account-panel.ts:573; src/options/template-panel.ts:502","Ends an error that has its own text.","{error}. Nothing was changed.","Clear.","(keep)","no change needed",""
"E036","4 Low","G2 Failure without a next step","error.withSuffix.nothingImported","Options: Import","src/options/data-panel.ts:1064","Ends an import refusal.","{error}. Nothing was imported.","Clear.","(keep)","no change needed",""
"E037","4 Low","G2 Failure without a next step","error.withSuffix.nothingDeleted","Options: Your data","src/options/data-panel.ts:191","Ends a delete refusal that has its own text (thrown before anything is deleted).","{error}. Nothing was deleted.","Clear.","(keep)","no change needed",""
"E038","4 Low","G2 Failure without a next step","error.withSuffix.nothingExported","Options: Your data","src/options/data-panel.ts:195","Ends an export refusal that has its own text.","{error}. Nothing was exported. Try again.","Clear.","(keep)","no change needed",""
"E039","4 Low","G2 Failure without a next step","error.withSuffix.settingNotChanged","Options: Your data","src/options/data-panel.ts:199","Ends a snapshot-limit refusal that has its own text.","{error}. The setting was not changed. Try again.","Clear.","(keep)","no change needed",""
"E044","4 Low","G3 Internal names and technical words","error.code.RuleEvaluationError","Options: Accounts, Templates, Your data, Import","src/i18n/translator.ts:239-258 (errorDisplay); src/options/account-panel.ts:571; src/options/template-panel.ts:500; src/options/data-panel.ts:1062,1166","An ExtensionError without its own display text reaches the Accounts, Templates, Your data or Import panel (in practice a StorageError when browser storage is not available).","The contact rule could not be checked","Generic, technical text with no next step, joined to a suffix such as "". Nothing was changed.""","Remove the per-code fallback. The panel shows its own failure text, which has a next step (common.saveFailed, data.actionFailed, data.exportFailed, data.retentionFailed, data.import.incomplete or data.import.unreadable).","done (key removed)","VERIFIED. Removed with the per-code fallback: errorDisplay now returns only an error's own display text, and the panel shows its own failure text. Test: options-data-ux.test.ts 'says a failed export exported nothing' now also throws a StorageError without display text and asserts the panel's export text (PASS). Browser: Export all while browser storage was unavailable for the export's read (a StorageError without display text); the page showed 'JoyFox could not create the export. Nothing was exported. Try again.' and no generic code text (g3-code-fallback-export.png). Scan: no error.code.* key left."
"E045","4 Low","G3 Internal names and technical words","error.code.ActionStepFailed","Options: Accounts, Templates, Your data, Import","src/i18n/translator.ts:239-258 (errorDisplay); src/options/account-panel.ts:571; src/options/template-panel.ts:500; src/options/data-panel.ts:1062,1166","An ExtensionError without its own display text reaches the Accounts, Templates, Your data or Import panel (in practice a StorageError when browser storage is not available).","A step on JoyClub did not complete","Generic, technical text with no next step, joined to a suffix such as "". Nothing was changed.""","Remove the per-code fallback. The panel shows its own failure text, which has a next step (common.saveFailed, data.actionFailed, data.exportFailed, data.retentionFailed, data.import.incomplete or data.import.unreadable).","done (key removed)","VERIFIED. Removed with the per-code fallback: errorDisplay now returns only an error's own display text, and the panel shows its own failure text. Test: options-data-ux.test.ts 'says a failed export exported nothing' now also throws a StorageError without display text and asserts the panel's export text (PASS). Browser: Export all while browser storage was unavailable for the export's read (a StorageError without display text); the page showed 'JoyFox could not create the export. Nothing was exported. Try again.' and no generic code text (g3-code-fallback-export.png). Scan: no error.code.* key left."
"E046","4 Low","G3 Internal names and technical words","error.code.NavigationTimeout","Options: Accounts, Templates, Your data, Import","src/i18n/translator.ts:239-258 (errorDisplay); src/options/account-panel.ts:571; src/options/template-panel.ts:500; src/options/data-panel.ts:1062,1166","An ExtensionError without its own display text reaches the Accounts, Templates, Your data or Import panel (in practice a StorageError when browser storage is not available).","The page did not load in time","Generic, technical text with no next step, joined to a suffix such as "". Nothing was changed.""","Remove the per-code fallback. The panel shows its own failure text, which has a next step (common.saveFailed, data.actionFailed, data.exportFailed, data.retentionFailed, data.import.incomplete or data.import.unreadable).","done (key removed)","VERIFIED. Removed with the per-code fallback: errorDisplay now returns only an error's own display text, and the panel shows its own failure text. Test: options-data-ux.test.ts 'says a failed export exported nothing' now also throws a StorageError without display text and asserts the panel's export text (PASS). Browser: Export all while browser storage was unavailable for the export's read (a StorageError without display text); the page showed 'JoyFox could not create the export. Nothing was exported. Try again.' and no generic code text (g3-code-fallback-export.png). Scan: no error.code.* key left."
"E047","4 Low","G3 Internal names and technical words","error.code.UnsupportedPage","Options: Accounts, Templates, Your data, Import","src/i18n/translator.ts:239-258 (errorDisplay); src/options/account-panel.ts:571; src/options/template-panel.ts:500; src/options/data-panel.ts:1062,1166","An ExtensionError without its own display text reaches the Accounts, Templates, Your data or Import panel (in practice a StorageError when browser storage is not available).","JoyFox does not support this page","Generic, technical text with no next step, joined to a suffix such as "". Nothing was changed.""","Remove the per-code fallback. The panel shows its own failure text, which has a next step (common.saveFailed, data.actionFailed, data.exportFailed, data.retentionFailed, data.import.incomplete or data.import.unreadable).","done (key removed)","VERIFIED. Removed with the per-code fallback: errorDisplay now returns only an error's own display text, and the panel shows its own failure text. Test: options-data-ux.test.ts 'says a failed export exported nothing' now also throws a StorageError without display text and asserts the panel's export text (PASS). Browser: Export all while browser storage was unavailable for the export's read (a StorageError without display text); the page showed 'JoyFox could not create the export. Nothing was exported. Try again.' and no generic code text (g3-code-fallback-export.png). Scan: no error.code.* key left."
"E055","4 Low","G3 Internal names and technical words","error.data.unknownType","Options: Your data","src/data/data-service.ts:269","A delete names a data type that does not exist.","Unknown data type","Technical, but not reachable: the panel offers only known data types.","(keep)","no change needed",""
"E056","4 Low","G3 Internal names and technical words","error.data.accountRecord","Options: Your data","src/data/data-service.ts:275","""Delete all"" for the account record type.","The account record is removed only with the whole account","Not reachable: the panel shows a hint instead of that button.","(keep)","no change needed",""
"E061","4 Low","G4 Input JoyFox cannot take","searches.notSearchAddress","JoyClub: saved searches","src/content/saved-searches.ts:630,659","""Save"" when the address is longer than 2,000 characters or is no longer the member search.","This page's address is not a search JoyFox can save. Nothing was saved.","Clear. States the limit or the fix.","(keep)","no change needed",""
"E062","4 Low","G4 Input JoyFox cannot take","error.template.noName","Options: Templates","src/templates/template-service.ts:123","A template is saved with an empty name.","A template needs a name","Clear. States the limit or the fix.","(keep)","no change needed",""
"E063","4 Low","G4 Input JoyFox cannot take","error.template.nameTooLong","Options: Templates","src/templates/template-service.ts:128","A template name is longer than the limit.","A template name can have at most {maximum} characters","Clear. States the limit or the fix.","(keep)","no change needed",""
"E064","4 Low","G4 Input JoyFox cannot take","error.template.folderTooLong","Options: Templates","src/templates/template-service.ts:135","A folder name is longer than the limit.","A folder name can have at most {maximum} characters","Clear. States the limit or the fix.","(keep)","no change needed",""
"E065","4 Low","G4 Input JoyFox cannot take","error.template.noText","Options: Templates","src/templates/template-service.ts:142","A template is saved without text.","A template needs some text","Clear. States the limit or the fix.","(keep)","no change needed",""
"E066","4 Low","G4 Input JoyFox cannot take","error.template.tooLong","Options: Templates","src/templates/template-service.ts:147","A template text is longer than the limit.","A template can have at most {maximum} characters","Clear. States the limit or the fix.","(keep)","no change needed",""
"E067","4 Low","G4 Input JoyFox cannot take","notes.emptyTag","JoyClub: notes editor, card editor","src/content/member-notes.ts:497; src/content/card-note-editor.ts:431","""Add tag"" with an empty field.","Type a tag first. Nothing was added.","Clear. States the limit or the fix.","(keep)","no change needed",""
"E068","4 Low","G4 Input JoyFox cannot take","notes.emptyNote","JoyClub: notes editor, card editor","src/content/member-notes.ts:461; src/content/card-note-editor.ts:341","""Save note"" with an empty box and no stored note.","Type a note first. Nothing was saved.","Clear. States the limit or the fix.","(keep)","no change needed",""
"E069","4 Low","G4 Input JoyFox cannot take","notes.tagExists","JoyClub: notes editor","src/content/member-notes.ts:515","A tag that the member already has.","Already tagged.","Clear. States the limit or the fix.","(keep)","no change needed",""
"E070","4 Low","G4 Input JoyFox cannot take","notes.pasteCut","JoyClub: notes editor, card editor","src/content/member-notes.ts:385; src/content/card-note-editor.ts:324","A paste longer than the note limit.","Only part of the pasted text fit. The rest was not pasted.","Clear. States the limit or the fix.","(keep)","no change needed",""
"E071","4 Low","G4 Input JoyFox cannot take","listing.emptyTag","JoyClub: event and venue box","src/content/listing-panel.ts:466","""Add tag"" with an empty field.","Type a tag first. Nothing was added.","Clear. States the limit or the fix.","(keep)","no change needed",""
"E072","4 Low","G4 Input JoyFox cannot take","listing.tooManyTags.event","JoyClub: event box","src/content/listing-panel.ts:470","A tag beyond the limit on an event.","You can add at most {maximum} tags to an event. Remove one first.","Clear. States the limit or the fix.","(keep)","no change needed",""
"E073","4 Low","G4 Input JoyFox cannot take","listing.tooManyTags.venue","JoyClub: venue box","src/content/listing-panel.ts:471","A tag beyond the limit on a venue.","You can add at most {maximum} tags to a venue. Remove one first.","Clear. States the limit or the fix.","(keep)","no change needed",""
"E074","4 Low","G4 Input JoyFox cannot take","searches.noName","JoyClub: saved searches","src/content/saved-searches.ts:620","""Save"" with an empty name.","Type a name first. Nothing was saved.","Clear. States the limit or the fix.","(keep)","no change needed",""
"E075","4 Low","G4 Input JoyFox cannot take","searches.nameTooLong","JoyClub: saved searches","src/content/saved-searches.ts:623","A name longer than the limit.","A name can have at most {maximum} characters. Nothing was saved.","Clear. States the limit or the fix.","(keep)","no change needed",""
"E076","4 Low","G4 Input JoyFox cannot take","searches.full","JoyClub: saved searches","src/content/saved-searches.ts:657","""Save"" when the account has the most saved searches.","You have {maximum} saved searches, the most JoyFox keeps. Delete one first.","Clear. States the limit or the fix.","(keep)","no change needed",""
"E077","4 Low","G4 Input JoyFox cannot take","searches.noMatch","JoyClub: saved searches","src/content/saved-searches.ts:592","A saved search whose address no longer matches JoyClub's search.","""{name}"" no longer matches JoyClub's search address, so JoyFox did not open it. Run the search again and save it again.","Clear. States the limit or the fix.","(keep)","no change needed",""
"E078","4 Low","G4 Input JoyFox cannot take","picker.result.too-long","JoyClub: template picker","src/content/template-picker.ts:49","The template would pass the message field's limit.","With the template, the message would be 1 character / {over} characters too long. The message field takes at most {limit} characters. Nothing was inserted. Shorten your text or the template.","Clear. States the limit or the fix.","(keep)","no change needed",""
"E079","4 Low","G4 Input JoyFox cannot take","picker.result.altered","JoyClub: template picker","src/content/template-picker.ts:47","JoyClub changes the text after insertion.","JoyClub changed the text after insertion. Check the message field before you send.","Clear. States the limit or the fix.","(keep)","no change needed",""
"E080","4 Low","G4 Input JoyFox cannot take","messages.retentionInvalid","Options: Messages","src/options/messages-panel.ts:276","""Save"" with a month number outside 1 to 120.","Enter a whole number from {minimum} to {maximum}. Nothing was changed.","Clear. States the limit or the fix.","(keep)","no change needed",""
"E081","4 Low","G4 Input JoyFox cannot take","data.retentionInvalid","Options: Your data","src/options/data-panel.ts:807; src/data/data-service.ts:178","""Save"" with a snapshot number outside the range.","Enter a whole number from {minimum} to {maximum}. Nothing was changed.","Clear. States the limit or the fix.","(keep)","no change needed",""
"E082","4 Low","G4 Input JoyFox cannot take","rule.numberProblem","Options: Contact rule","src/options/rule-panel.ts:244","A number condition outside its range.","Enter a whole number from {minimum} to {maximum} for ""{condition}"".","Clear. States the limit or the fix.","(keep)","no change needed",""
"E083","4 Low","G4 Input JoyFox cannot take","rule.textProblem","Options: Contact rule","src/options/rule-panel.ts:271","A text condition that is empty or too long.","Enter a word, phrase or emoji of up to {maximum} characters for ""{condition}"".","Clear. States the limit or the fix.","(keep)","no change needed",""
"E084","4 Low","G4 Input JoyFox cannot take","rule.fieldNumberProblem","Options: Contact rule","src/options/rule-panel.ts:1257","The inline message beside a bad number field.","Enter a whole number from {minimum} to {maximum}.","Clear. States the limit or the fix.","(keep)","no change needed",""
"E085","4 Low","G4 Input JoyFox cannot take","rule.fieldTextProblem","Options: Contact rule","src/options/rule-panel.ts:1267","The inline message beside a bad text field.","Enter a word, phrase or emoji of up to {maximum} characters.","Clear. States the limit or the fix.","(keep)","no change needed",""
"E086","4 Low","G4 Input JoyFox cannot take","rule.notSaved","Options: Contact rule","src/options/rule-panel.ts:1469","Wraps a rule problem.","{problem} The rule was not saved.","Clear. States the limit or the fix.","(keep)","no change needed",""
"E087","4 Low","G4 Input JoyFox cannot take","rule.newer","Options: Contact rule","src/options/rule-panel.ts:437","The stored rule comes from a newer JoyFox version.","This rule was made in a newer version of JoyFox and cannot be edited here. Delete it to start a new one.","Clear. States the limit or the fix.","(keep)","no change needed",""
"E088","4 Low","G4 Input JoyFox cannot take","rule.simpleUnavailable.all","Options: Contact rule","src/rules/rule-builder.ts:259","The rule cannot show in the Simple editor (groups combine with ALL).","Simple view is not available: the groups combine with ALL.","Clear. States the limit or the fix.","(keep)","no change needed",""
"E089","4 Low","G4 Input JoyFox cannot take","rule.simpleUnavailable.not","Options: Contact rule","src/rules/rule-builder.ts:265","The rule uses ""not"".","Simple view is not available: the rule uses ""not"".","Clear. States the limit or the fix.","(keep)","no change needed",""
"E090","4 Low","G4 Input JoyFox cannot take","rule.simpleUnavailable.severalAll","Options: Contact rule","src/rules/rule-builder.ts:271","More than one group needs ALL of several conditions.","Simple view is not available: more than one group needs ALL of several conditions.","Clear. States the limit or the fix.","(keep)","no change needed",""
"E091","4 Low","G4 Input JoyFox cannot take","rule.simpleUnavailable.duplicate","Options: Contact rule","src/rules/rule-builder.ts:313","A condition is in more than one group.","Simple view is not available: a condition appears in more than one group.","Clear. States the limit or the fix.","(keep)","no change needed",""
"E092","4 Low","G4 Input JoyFox cannot take","error.import.tooLarge","Options: Import","src/options/data-panel.ts:1030","The chosen file fails this import check.","The file is too large to be a JoyFox export. Choose a file exported by JoyFox","Clear. Names the problem and the next step; no internal names.","(keep)","no change needed",""
"E093","4 Low","G4 Input JoyFox cannot take","error.import.notJson","Options: Import","src/data/import.ts:458","The chosen file fails this import check.","The file is not a JoyFox export. Choose a file exported by JoyFox","Clear. Names the problem and the next step; no internal names.","(keep)","no change needed",""
"E094","4 Low","G4 Input JoyFox cannot take","error.import.notExport","Options: Import","src/data/import.ts:464","The chosen file fails this import check.","The file is not a JoyFox export. Choose a file exported by JoyFox","Clear. Names the problem and the next step; no internal names.","(keep)","no change needed",""
"E095","4 Low","G4 Input JoyFox cannot take","error.import.noVersion","Options: Import","src/data/import.ts:470","The chosen file fails this import check.","The file does not say which JoyFox version made it. Choose a file exported by JoyFox","Clear. Names the problem and the next step; no internal names.","(keep)","no change needed",""
"E096","4 Low","G4 Input JoyFox cannot take","error.import.newerVersion","Options: Import","src/data/import.ts:475","The chosen file fails this import check.","The file comes from a newer JoyFox version. Update JoyFox first","Clear. Names the problem and the next step; no internal names.","(keep)","no change needed",""
"E097","4 Low","G4 Input JoyFox cannot take","error.import.noScope","Options: Import","src/data/import.ts:481","The chosen file fails this import check.","The file does not say if it holds one account or all data. Choose a file exported by JoyFox","Clear. Names the problem and the next step; no internal names.","(keep)","no change needed",""
"E098","4 Low","G4 Input JoyFox cannot take","error.import.noAccountNamed","Options: Import","src/data/import.ts:490","The chosen file fails this import check.","The file is an export of one account, but it does not name the account. Choose a file exported by JoyFox","Clear. Names the problem and the next step; no internal names.","(keep)","no change needed",""
"E099","4 Low","G4 Input JoyFox cannot take","error.import.notList","Options: Import","src/data/import.ts:505","The chosen file fails this import check.","The {entity} part of the file is damaged. Choose a file exported by JoyFox","Clear. Names the problem and the next step; no internal names.","(keep)","no change needed",""
"E100","4 Low","G4 Input JoyFox cannot take","error.import.notRecord","Options: Import","src/data/import.ts:514","The chosen file fails this import check.","Record {index} in {entity} is damaged. Choose a file exported by JoyFox","Clear. Names the problem and the next step; no internal names.","(keep)","no change needed",""
"E101","4 Low","G4 Input JoyFox cannot take","error.import.forbiddenKey","Options: Import","src/data/import.ts:519","The chosen file fails this import check.","Record {index} in {entity} holds a field name that JoyFox does not allow. Choose a file exported by JoyFox","Clear. Names the problem and the next step; no internal names.","(keep)","no change needed",""
"E102","4 Low","G4 Input JoyFox cannot take","error.import.invalid","Options: Import","src/data/import.ts:539,566","The chosen file fails this import check.","Record {index} in {entity} is damaged. Choose a file exported by JoyFox","Clear. Names the problem and the next step; no internal names.","(keep)","no change needed",""
"E103","4 Low","G4 Input JoyFox cannot take","error.import.future","Options: Import","src/data/import.ts:554","The chosen file fails this import check.","Record {index} in {entity} has a date in the future. Check the clock of the computer that made the file","Clear. Names the problem and the next step; no internal names.","(keep)","no change needed",""
"E104","4 Low","G4 Input JoyFox cannot take","error.import.otherAccount","Options: Import","src/data/import.ts:573","The chosen file fails this import check.","Record {index} in {entity} belongs to another account. Choose a file exported by JoyFox","Clear. Names the problem and the next step; no internal names.","(keep)","no change needed",""
"E105","4 Low","G4 Input JoyFox cannot take","error.import.notOwnScope","Options: Import","src/data/import.ts:578","The chosen file fails this import check.","Account record {index} is damaged. Choose a file exported by JoyFox","Clear. Names the problem and the next step; no internal names.","(keep)","no change needed",""
"E106","4 Low","G4 Input JoyFox cannot take","error.import.twice","Options: Import","src/data/import.ts:584","The chosen file fails this import check.","Record {index} in {entity} is in the file twice. Choose a file exported by JoyFox","Clear. Names the problem and the next step; no internal names.","(keep)","no change needed",""
"E107","4 Low","G4 Input JoyFox cannot take","error.import.sameIdentifier","Options: Import","src/data/import.ts:596","The chosen file fails this import check.","Two accounts in the file have the same identifier. Choose a file exported by JoyFox","Clear. Names the problem and the next step; no internal names.","(keep)","no change needed",""
"E108","4 Low","G4 Input JoyFox cannot take","error.import.noAccountRecord","Options: Import","src/data/import.ts:606","The chosen file fails this import check.","The file is an export of one account, but it does not hold that account. Choose a file exported by JoyFox","Clear. Names the problem and the next step; no internal names.","(keep)","no change needed",""
"E109","4 Low","G4 Input JoyFox cannot take","error.import.settingsInvalid","Options: Import","src/data/import.ts:614","The chosen file fails this import check.","The settings in the file are damaged. Choose a file exported by JoyFox","Clear. Names the problem and the next step; no internal names.","(keep)","no change needed",""
"E110","4 Low","G4 Input JoyFox cannot take","error.import.settingsForbidden","Options: Import","src/data/import.ts:619","The chosen file fails this import check.","The settings in the file hold a name that JoyFox does not allow. Choose a file exported by JoyFox","Clear. Names the problem and the next step; no internal names.","(keep)","no change needed",""
"E111","4 Low","G4 Input JoyFox cannot take","error.import.orphans","Options: Import","src/data/import.ts:701","The chosen file fails this import check.","Some records in the file belong to an account that the file does not hold. Choose a file exported by JoyFox","Clear. Names the problem and the next step; no internal names.","(keep)","no change needed",""
"E112","4 Low","G4 Input JoyFox cannot take","error.import.sameRecordTwice","Options: Import","src/data/import.ts:713","The chosen file fails this import check.","Two records in the file would become the same record here. Choose a file exported by JoyFox","Clear. Names the problem and the next step; no internal names.","(keep)","no change needed",""
"E113","4 Low","G5 Ignore and Delete report","action.failure.confirmation-missing","JoyClub: Ignore and Delete","src/actions/ignore-delete.ts:221-310","JoyClub's confirmation dialog does not appear after the click.","JoyClub's confirmation for {step} did not appear.","Clear. Accepted in the manual matrix (items 43 to 54); each failure report ends with a next step.","(keep)","no change needed",""
"E114","4 Low","G5 Ignore and Delete report","action.failure.not-verified","JoyClub: Ignore and Delete","src/actions/ignore-delete.ts:221-310","JoyClub shows no sign that the step worked.","JoyClub did not show that {step} succeeded.","Clear. Accepted in the manual matrix (items 43 to 54); each failure report ends with a next step.","(keep)","no change needed",""
"E115","4 Low","G5 Ignore and Delete report","action.failure.unverifiable","JoyClub: Ignore and Delete","src/actions/ignore-delete.ts:221-310","The page cannot show JoyClub's result (for example no ClubMail list beside the conversation).","JoyFox cannot see JoyClub's result for {step} on this page, so it stopped {where}.","Clear. Accepted in the manual matrix (items 43 to 54); each failure report ends with a next step.","(keep)","no change needed",""
"E116","4 Low","G5 Ignore and Delete report","action.failure.member-mismatch","JoyClub: Ignore and Delete","src/actions/ignore-delete.ts:221-310","The page shows another member when the step starts.","The page showed another member, so JoyFox stopped {where}.","Clear. Accepted in the manual matrix (items 43 to 54); each failure report ends with a next step.","(keep)","no change needed",""
"E117","4 Low","G5 Ignore and Delete report","action.failure.conversation-mismatch","JoyClub: Ignore and Delete","src/actions/ignore-delete.ts:221-310","The page shows another conversation when the step starts.","The page showed another conversation, so JoyFox stopped {where}.","Clear. Accepted in the manual matrix (items 43 to 54); each failure report ends with a next step.","(keep)","no change needed",""
"E118","4 Low","G5 Ignore and Delete report","action.failure.identity-unavailable","JoyClub: Ignore and Delete","src/actions/ignore-delete.ts:221-310","JoyFox cannot confirm which member or conversation the page shows.","JoyFox could not confirm which member or conversation the page shows, so it stopped {where}.","Clear. Accepted in the manual matrix (items 43 to 54); each failure report ends with a next step.","(keep)","no change needed",""
"E119","4 Low","G5 Ignore and Delete report","action.failure.account-changed","JoyClub: Ignore and Delete","src/actions/ignore-delete.ts:221-310","The active JoyFox account changes during the run.","The active JoyFox account changed, so JoyFox stopped {where}.","Clear. Accepted in the manual matrix (items 43 to 54); each failure report ends with a next step.","(keep)","no change needed",""
"E120","4 Low","G5 Ignore and Delete report","action.failure.turned-off","JoyClub: Ignore and Delete","src/actions/ignore-delete.ts:221-310","Ignore and Delete is turned off during the run.","Ignore and Delete was turned off, so JoyFox stopped {where}.","Clear. Accepted in the manual matrix (items 43 to 54); each failure report ends with a next step.","(keep)","no change needed",""
"E121","4 Low","G5 Ignore and Delete report","action.failure.superseded","JoyClub: Ignore and Delete","src/actions/ignore-delete.ts:221-310","A newer run for the same member starts.","A newer Ignore and Delete for this member started, so JoyFox stopped {where}.","Clear. Accepted in the manual matrix (items 43 to 54); each failure report ends with a next step.","(keep)","no change needed",""
"E122","4 Low","G5 Ignore and Delete report","action.failure.log-unavailable","JoyClub: Ignore and Delete","src/actions/ignore-delete.ts:221-310","Writing to the action log fails.","JoyFox could not write to its action log, so it stopped {where}.","Clear. Accepted in the manual matrix (items 43 to 54); each failure report ends with a next step.","(keep)","no change needed",""
"E123","4 Low","G5 Ignore and Delete report","action.failure.handoff-failed","JoyClub: Ignore and Delete","src/actions/ignore-delete.ts:221-310","The move to the member's profile fails or is cancelled.","JoyFox could not move on to the member's profile, so it stopped {where}.","Clear. Accepted in the manual matrix (items 43 to 54); each failure report ends with a next step.","(keep)","no change needed",""
"E124","4 Low","G5 Ignore and Delete report","action.failure.timeout","JoyClub: Ignore and Delete","src/actions/ignore-delete.ts:221-310","JoyClub does not answer within the step time.","JoyClub did not respond in time during {step}.","Clear. Accepted in the manual matrix (items 43 to 54); each failure report ends with a next step.","(keep)","no change needed",""
"E125","4 Low","G5 Ignore and Delete report","action.failure.step-error","JoyClub: Ignore and Delete","src/actions/ignore-delete.ts:221-310","An unexpected error during a step.","An unexpected error stopped JoyFox {where}.","Clear. Accepted in the manual matrix (items 43 to 54); each failure report ends with a next step.","(keep)","no change needed",""
"E126","4 Low","G5 Ignore and Delete report","action.stepText.ignore.not-done","JoyClub: Ignore and Delete","src/actions/ignore-delete.ts:221-310","Report line: Ignore was not done.","Ignore: not done.","Clear. Accepted in the manual matrix (items 43 to 54); each failure report ends with a next step.","(keep)","no change needed",""
"E127","4 Low","G5 Ignore and Delete report","action.stepText.ignore.unknown","JoyClub: Ignore and Delete","src/actions/ignore-delete.ts:221-310","Report line: Ignore started but was not confirmed.","Ignore: not confirmed. JoyFox started it but did not see JoyClub confirm it.","Clear. Accepted in the manual matrix (items 43 to 54); each failure report ends with a next step.","(keep)","no change needed",""
"E128","4 Low","G5 Ignore and Delete report","action.stepText.delete.not-done","JoyClub: Ignore and Delete","src/actions/ignore-delete.ts:221-310","Report line: Delete was not done.","Delete: not done.","Clear. Accepted in the manual matrix (items 43 to 54); each failure report ends with a next step.","(keep)","no change needed",""
"E129","4 Low","G5 Ignore and Delete report","action.stepText.delete.unknown","JoyClub: Ignore and Delete","src/actions/ignore-delete.ts:221-310","Report line: Delete started but was not confirmed.","Delete: not confirmed. JoyFox started it but did not see JoyClub confirm it.","Clear. Accepted in the manual matrix (items 43 to 54); each failure report ends with a next step.","(keep)","no change needed",""
"E130","4 Low","G5 Ignore and Delete report","action.next.ignore","JoyClub: Ignore and Delete","src/actions/ignore-delete.ts:221-310","Next step after an unconfirmed Ignore.","Next: open the member's profile and check whether they are ignored. If not, ignore them there yourself.","Clear. Accepted in the manual matrix (items 43 to 54); each failure report ends with a next step.","(keep)","no change needed",""
"E131","4 Low","G5 Ignore and Delete report","action.next.delete","JoyClub: Ignore and Delete","src/actions/ignore-delete.ts:221-310","Next step after an unconfirmed Delete.","Next: open the conversation and check whether it is in the trash. If not, move it there yourself with JoyClub's trash button.","Clear. Accepted in the manual matrix (items 43 to 54); each failure report ends with a next step.","(keep)","no change needed",""
"E132","4 Low","G5 Ignore and Delete report","action.next.showList","JoyClub: Ignore and Delete","src/actions/ignore-delete.ts:221-310","Next step when Delete cannot be checked on this page.","Delete works only while this conversation shows in the ClubMail list beside it. Widen the window, or scroll the list until the conversation shows, then try again.","Clear. Accepted in the manual matrix (items 43 to 54); each failure report ends with a next step.","(keep)","no change needed",""
"E133","4 Low","G5 Ignore and Delete report","action.self.ignore","JoyClub: Ignore and Delete","src/actions/ignore-delete.ts:221-310","Next step when Ignore was not done.","You can do it yourself: open the member's profile and ignore them there.","Clear. Accepted in the manual matrix (items 43 to 54); each failure report ends with a next step.","(keep)","no change needed",""
"E134","4 Low","G5 Ignore and Delete report","action.self.delete","JoyClub: Ignore and Delete","src/actions/ignore-delete.ts:221-310","Next step when Delete was not done.","You can do it yourself: move the conversation to the trash with JoyClub's trash button.","Clear. Accepted in the manual matrix (items 43 to 54); each failure report ends with a next step.","(keep)","no change needed",""
"E135","4 Low","G5 Ignore and Delete report","action.report.stopped","JoyClub: Ignore and Delete","src/actions/ignore-delete.ts:221-310","Report heading when a run stops.","Ignore and Delete stopped.","Clear. Accepted in the manual matrix (items 43 to 54); each failure report ends with a next step.","(keep)","no change needed",""
"E136","4 Low","G5 Ignore and Delete report","action.report.interrupted","JoyClub: Ignore and Delete","src/actions/ignore-delete.ts:221-310","Report heading when a run was cut off (tab closed).","Ignore and Delete was interrupted, for example because the tab closed.","Clear. Accepted in the manual matrix (items 43 to 54); each failure report ends with a next step.","(keep)","no change needed",""
"E137","4 Low","G5 Ignore and Delete report","action.report.nothingChanged","JoyClub: Ignore and Delete","src/actions/ignore-delete.ts:221-310","Report line when no step changed JoyClub.","Nothing was changed on JoyClub.","Clear. Accepted in the manual matrix (items 43 to 54); each failure report ends with a next step.","(keep)","no change needed",""
"E138","4 Low","G5 Ignore and Delete report","action.report.notUndone","JoyClub: Ignore and Delete","src/actions/ignore-delete.ts:221-310","Report line after a partial run.","JoyFox did not undo anything.","Clear. Accepted in the manual matrix (items 43 to 54); each failure report ends with a next step.","(keep)","no change needed",""
"E139","4 Low","G5 Ignore and Delete report","quick.needsList","JoyClub: Ignore and Delete","src/content/quick-action.ts:139-154","The conversation shows without the ClubMail list beside it.","Works only while this conversation shows in the ClubMail list beside it. Widen the window, or scroll the list until the conversation shows.","Clear. Accepted in the manual matrix (items 43 to 54); each failure report ends with a next step.","(keep)","no change needed",""
"E140","4 Low","G5 Ignore and Delete report","quick.otherRunning","JoyClub: Ignore and Delete","src/content/quick-action.ts:139-154","A run for another conversation is still going.","Ignore and Delete is still running for another conversation. Wait until it ends.","Clear. Accepted in the manual matrix (items 43 to 54); each failure report ends with a next step.","(keep)","no change needed",""
"E141","4 Low","G5 Ignore and Delete report","quick.busy","JoyClub: Ignore and Delete","src/content/quick-action.ts:139-154","Another run for this member is going, for example in another tab.","Another Ignore and Delete for this member is still running, for example in another tab. Nothing was done here.","Clear. Accepted in the manual matrix (items 43 to 54); each failure report ends with a next step.","(keep)","no change needed",""
"E142","4 Low","G5 Ignore and Delete report","quick.unexpected","JoyClub: Ignore and Delete","src/content/quick-action.ts:139-154","An unexpected error before the report can be built.","Ignore and Delete stopped because of an unexpected error. JoyFox may have completed a step: check the member's profile and the conversation yourself.","Clear. Accepted in the manual matrix (items 43 to 54); each failure report ends with a next step.","(keep)","no change needed",""
"E143","4 Low","G6 Setup and read failures","listing.readFailed","JoyClub: event and venue box","src/content/listing-panel.ts:285","The background does not answer when the box loads.","JoyFox could not read your notes on this page. Reload the page to try again.","Clear. Says why and what to do (reload, open the options, choose an account).","(keep)","no change needed",""
"E144","4 Low","G6 Setup and read failures","events.readFailed","Options: Events","src/options/events-panel.ts:113","The events tab cannot read storage.","JoyFox could not read your events. Reload the page to try again.","Clear. Says why and what to do (reload, open the options, choose an account).","(keep)","no change needed",""
"E145","4 Low","G6 Setup and read failures","eventFilter.readFailed","JoyClub: event list","src/content/event-list-filter.ts:193","The background does not answer for the event filter.","JoyFox could not read your event notes. Reload the page to try again.","Clear. Says why and what to do (reload, open the options, choose an account).","(keep)","no change needed",""
"E146","4 Low","G6 Setup and read failures","messages.readFailed","Options: Messages","src/options/messages-panel.ts:127","The Messages tab cannot read storage.","JoyFox could not read your stored messages. Reload the page to try again.","Clear. Says why and what to do (reload, open the options, choose an account).","(keep)","no change needed",""
"E147","4 Low","G6 Setup and read failures","signals.editor.readFailed","JoyClub: card editor","src/content/card-note-editor.ts:207","The background does not answer when a card editor opens.","JoyFox could not read this member's notes. Close and try again.","Clear. Says why and what to do (reload, open the options, choose an account).","(keep)","no change needed",""
"E148","4 Low","G6 Setup and read failures","compat.readFailed","JoyClub: profile","src/content/compatibility.ts:303","The background does not answer for your preferences.","JoyFox could not load your preferences. Reload the page to try again.","Clear. Says why and what to do (reload, open the options, choose an account).","(keep)","no change needed",""
"E149","4 Low","G6 Setup and read failures","searches.readFailed","JoyClub: saved searches","src/content/saved-searches.ts:399","The background does not answer when the bar loads.","JoyFox could not read your saved searches. Reload the page to try again.","Clear. Says why and what to do (reload, open the options, choose an account).","(keep)","no change needed",""
"E150","4 Low","G6 Setup and read failures","start.readFailed","Options: Get started","src/options/get-started.ts:131","Get started cannot read storage.","JoyFox could not read its setup. Reload the page to try again.","Clear. Says why and what to do (reload, open the options, choose an account).","(keep)","no change needed",""
"E151","4 Low","G6 Setup and read failures","accounts.readFailed","Options: Accounts","src/options/index.ts:99,148","The account list cannot be read.","JoyFox could not read its stored accounts. No account was changed. Reload the page to try again.","Clear. Says why and what to do (reload, open the options, choose an account).","(keep)","no change needed",""
"E152","4 Low","G6 Setup and read failures","rule.readFailed","Options: Contact rule","src/options/rule-panel.ts:409","The rule cannot be read.","JoyFox could not read the contact rule. No rule was changed. Reload the page to try again.","Clear. Says why and what to do (reload, open the options, choose an account).","(keep)","no change needed",""
"E153","4 Low","G6 Setup and read failures","templates.readFailed","Options: Templates","src/options/template-panel.ts:109","The templates cannot be read.","JoyFox could not read your templates. No template was changed. Reload the page to try again.","Clear. Says why and what to do (reload, open the options, choose an account).","(keep)","no change needed",""
"E154","4 Low","G6 Setup and read failures","data.readFailed","Options: Your data","src/options/data-panel.ts:351","Stored data cannot be read.","JoyFox could not read its stored data. Nothing was changed. Reload the page to try again.","Clear. Says why and what to do (reload, open the options, choose an account).","(keep)","no change needed",""
"E155","4 Low","G6 Setup and read failures","access.refused","Options: Get started","src/options/get-started.ts:248","The user refuses Firefox's access prompt.","Access to joyclub.de is still off. JoyFox cannot work on JoyClub until you allow access here or in about:addons.","Clear. Says why and what to do (reload, open the options, choose an account).","(keep)","no change needed",""
"E156","4 Low","G6 Setup and read failures","start.step.access","Options: Get started","src/options/get-started.ts:31-60","Access to joyclub.de is off.","Allow JoyFox to access joyclub.de. Access is off now, so JoyFox cannot work on JoyClub.","Clear. Says why and what to do (reload, open the options, choose an account).","(keep)","no change needed",""
"E157","4 Low","G6 Setup and read failures","inbox.setup.no-account","JoyClub: inbox","src/content/inbox-triage.ts:50","No active account.","JoyFox has no active account, so it does not sort this inbox.","Clear. Says why and what to do (reload, open the options, choose an account).","(keep)","no change needed",""
"E158","4 Low","G6 Setup and read failures","inbox.setup.no-rule","JoyClub: inbox","src/content/inbox-triage.ts:51","No saved rule.","No contact rule is saved, so JoyFox does not sort this inbox.","Clear. Says why and what to do (reload, open the options, choose an account).","(keep)","no change needed",""
"E159","4 Low","G6 Setup and read failures","panel.ruleOff.no-account","JoyClub: member strip","src/content/member-panel.ts:101","No active account.","No JoyFox account is active, so JoyFox shows nothing for this member.","Clear. Says why and what to do (reload, open the options, choose an account).","(keep)","no change needed",""
"E160","4 Low","G6 Setup and read failures","panel.ruleOff.no-rule","JoyClub: member strip","src/content/member-panel.ts:102","No saved rule.","No contact rule is set, so JoyFox does not place this sender.","Clear. Says why and what to do (reload, open the options, choose an account).","(keep)","no change needed",""
"E161","4 Low","G6 Setup and read failures","panel.ruleOff.rule-disabled","JoyClub: member strip","src/content/member-panel.ts:103","The rule is turned off.","Your contact rule is turned off, so JoyFox does not place this sender.","Clear. Says why and what to do (reload, open the options, choose an account).","(keep)","no change needed",""
"E162","4 Low","G6 Setup and read failures","listing.noAccount","JoyClub: event and venue box","src/content/listing-panel.ts:356","No active account.","Select or add an account in the JoyFox options to keep notes on events.","Clear. Says why and what to do (reload, open the options, choose an account).","(keep)","no change needed",""
"E163","4 Low","G6 Setup and read failures","events.noAccount","Options: Events","src/options/events-panel.ts:145","No active account.","Select or add an account first. Each account has its own events.","Clear. Says why and what to do (reload, open the options, choose an account).","(keep)","no change needed",""
"E164","4 Low","G6 Setup and read failures","eventFilter.noAccount","JoyClub: event list","src/content/event-list-filter.ts:273","No active account.","Select or add an account in the JoyFox options to filter by your notes.","Clear. Says why and what to do (reload, open the options, choose an account).","(keep)","no change needed",""
"E165","4 Low","G6 Setup and read failures","messages.noAccount","Options: Messages","src/options/messages-panel.ts:167","No active account.","Select or add an account first.","Clear. Says why and what to do (reload, open the options, choose an account).","(keep)","no change needed",""
"E166","4 Low","G6 Setup and read failures","signals.editor.noAccount","JoyClub: card editor","src/content/card-note-editor.ts:194","No active account.","Select or add an account in the JoyFox options to keep notes.","Clear. Says why and what to do (reload, open the options, choose an account).","(keep)","no change needed",""
"E167","4 Low","G6 Setup and read failures","compat.noAccount","JoyClub: profile, member search","src/content/compatibility.ts:305,429","No active account.","Select or add an account in the JoyFox options to compare preferences.","Clear. Says why and what to do (reload, open the options, choose an account).","(keep)","no change needed",""
"E168","4 Low","G6 Setup and read failures","compat.ownUnknown","JoyClub: profile, member search","src/content/compatibility.ts:315,430","Your own preferences are not stored yet.","Open your own JoyClub profile once, so JoyFox knows your preferences.","Clear. Says why and what to do (reload, open the options, choose an account).","(keep)","no change needed",""
"E169","4 Low","G6 Setup and read failures","compat.unreadable","JoyClub: profile","src/content/compatibility.ts:313,318","The profile's preferences cannot be parsed (a retry follows).","JoyFox could not read this profile's preferences yet.","Clear. Says why and what to do (reload, open the options, choose an account).","(keep)","no change needed",""
"E170","4 Low","G6 Setup and read failures","searches.noAccount","JoyClub: saved searches","src/content/saved-searches.ts:463","No active account.","Select or add an account in the JoyFox options to save searches.","Clear. Says why and what to do (reload, open the options, choose an account).","(keep)","no change needed",""
"E171","4 Low","G6 Setup and read failures","picker.noAccount","JoyClub: template picker","src/content/template-picker.ts:179","No active account.","No JoyFox account is active. Choose one on the JoyFox options page.","Clear. Says why and what to do (reload, open the options, choose an account).","(keep)","no change needed",""
"E172","4 Low","G6 Setup and read failures","rule.noAccount","Options: Contact rule","src/options/rule-panel.ts:425","No active account.","Select or add an account first. Each account has its own rule.","Clear. Says why and what to do (reload, open the options, choose an account).","(keep)","no change needed",""
"E173","4 Low","G6 Setup and read failures","templates.noAccount","Options: Templates","src/options/template-panel.ts:158","No active account.","Choose an active account on the [Accounts](#accounts) tab to store templates.","Clear. Says why and what to do (reload, open the options, choose an account).","(keep)","no change needed",""
"E174","4 Low","G6 Setup and read failures","inbox.unidentified","JoyClub: inbox","src/content/inbox-triage.ts:676","A row whose member number cannot be read.","JoyFox could not read this sender's profile number, so it could not check your rule. The row stays visible.","Clear. Says why and what to do (reload, open the options, choose an account).","(keep)","no change needed",""
"E175","4 Low","G6 Setup and read failures","inbox.rowGone","JoyClub: inbox","src/content/inbox-triage.ts:672","The row left the page while its panel was open.","This row is no longer shown.","Clear. Says why and what to do (reload, open the options, choose an account).","(keep)","no change needed",""
"E176","4 Low","G6 Setup and read failures","inbox.stillChecking","JoyClub: inbox","src/content/inbox-triage.ts:680","No answer yet for this row.","JoyFox is still checking this sender.","Clear. Says why and what to do (reload, open the options, choose an account).","(keep)","no change needed",""
"E177","4 Low","G7 Never shown to the user","(router INVALID_MESSAGE)","Background to page messaging","src/messaging/router.ts:61","A message without a type or request ID reaches the background.","Invalid message envelope","Never rendered: every caller catches the failure and shows catalog text instead.","(keep)","no change needed",""
"E178","4 Low","G7 Never shown to the user","(router UNKNOWN_MESSAGE)","Background to page messaging","src/messaging/router.ts:67","A message type that the background does not handle.","Unsupported message type","Never rendered: every caller catches the failure and shows catalog text instead.","(keep)","no change needed",""
"E179","4 Low","G7 Never shown to the user","(router HANDLER_FAILED)","Background to page messaging","src/messaging/router.ts:84","A background handler throws.","The request could not be completed","Never rendered: every caller catches the failure and shows catalog text instead. The cause and stack go to the background console only.","(keep)","no change needed",""
"E180","4 Low","G7 Never shown to the user","(request error)","Background to page messaging","src/messaging/request.ts:19-22","A failed or mismatched answer; request() throws an Error with the code and English text.","Mismatched response requestId / {code}: {message}","Never rendered: every caller catches the failure and shows catalog text instead.","(keep)","no change needed",""
"E181","4 Low","G7 Never shown to the user","(ExtensionError.message)","All services","src/errors.ts:18-34 and every throw site","Any ExtensionError; its English message is for logs.","English log text, for example ""A note may not exceed 5000 characters""","Never rendered: panels show only the display message (docs/i18n-spec.md, 3.10).","(keep)","no change needed",""
